实体ID,真实类型,预测类型,是否正确
/m/0gp8sg,3,6,0
/m/06fp11,3,5,0
/m/04czhj,2,2,1
/m/041rhq,0,0,1
/m/02ktt7,5,4,0
/m/08cyft,0,0,1
/m/06ztvyx,0,0,1
/m/01swck,1,1,1
/m/0147jt,0,0,1
/m/059lwy,0,3,0
/m/018cvf,3,3,1
/m/0cb4j,3,3,1
/m/02dq8f,2,7,0
/m/01fzpw,1,1,1
/m/0xmp9,2,2,1
/m/09thp87,0,0,1
/m/096lf_,1,1,1
/m/01_4mn,0,0,1
/m/0gltv,3,0,0
/m/06qwh,3,3,1
/m/01w9k25,2,2,1
/m/03mgx6z,0,0,1
/m/09l0x9,4,4,1
/m/0432b,0,0,1
/m/07rzf,2,2,1
/m/037h1k,7,7,1
/m/019k6n,0,0,1
/m/01vskn,3,3,1
/m/01cdt5,1,1,1
/m/048j1q,3,0,0
/m/09c6w,2,2,1
/m/01rly6,2,2,1
/m/02qx1m2,0,7,0
/m/026wmz6,3,3,1
/m/01vdrw,5,3,0
/m/02wgbb,1,1,1
/m/02v1ws,1,1,1
/m/0ch6mp2,0,0,1
/m/0963mq,4,1,0
/m/01mwsnc,5,2,0
/m/04ycjk,0,0,1
/m/04hwbq,5,5,1
/m/015401,0,5,0
/m/06fpsx,0,0,1
/m/03lvyj,1,1,1
/m/02q690_,2,2,1
/m/059nf5,6,6,1
/m/0_00,2,2,1
/m/0n7q7,0,0,1
/m/01_fjr,5,6,0
/m/07ccs,7,7,1
/m/04z_3pm,0,0,1
/m/0k_9j,0,0,1
/m/017jd9,1,1,1
/m/01jmyj,0,0,1
/m/0d0xs5,0,0,1
/m/01xcgf,3,3,1
/m/0325dj,2,2,1
/m/0qxzd,5,2,0
/m/09g0h,7,7,1
/m/03s5lz,0,0,1
/m/01xr2s,2,2,1
/m/02b61v,5,3,0
/m/0h7x,0,0,1
/m/02v63m,3,3,1
/m/02kv5k,0,0,1
/m/01l5t6,2,2,1
/m/0dgst_d,2,2,1
/m/01crd5,3,6,0
/m/0h53p1,5,5,1
/m/0ddjy,3,5,0
/m/0tz41,3,3,1
/m/04cbbz,2,2,1
/m/078mm1,0,0,1
/m/01fkr_,2,2,1
/m/06_kh,4,4,1
/m/018q42,0,0,1
/m/012h0y,1,1,1
/m/0hgnl3t,0,0,1
/m/0hwqz,2,2,1
/m/01z215,0,0,1
/m/033p3_,0,0,1
/m/03xks,0,0,1
/m/0m93,2,2,1
/m/061681,5,6,0
/m/05wqr1,3,5,0
/m/049n7,1,1,1
/m/0pqc5,3,3,1
/m/0jn5l,0,7,0
/m/05b__vr,0,0,1
/m/039wsf,1,6,0
/m/082scv,3,3,1
/m/05pbsry,2,2,1
/m/01_5cg,0,0,1
/m/026y23w,2,2,1
/m/02rp117,5,5,1
/m/02j3d4,0,0,1
/m/01wtlq,4,4,1
/m/07_3qd,1,1,1
/m/0ml_m,2,2,1
/m/04vjh,3,3,1
/m/01f8ld,3,3,1
/m/01hc9_,1,1,1
/m/0ylzs,0,5,0
/m/045c7b,3,3,1
/m/0c1xm,3,3,1
/m/0424mc,0,0,1
/m/01znj1,5,5,1
/m/02qrwjt,1,1,1
/m/0161rf,0,0,1
/m/0kv5t,1,1,1
/m/05jjl,0,3,0
/m/05g3b,2,2,1
/m/047951,0,0,1
/m/09tcg4,4,4,1
/m/0lbd9,1,1,1
/m/0558_1,3,3,1
/m/0blpg,3,3,1
/m/02qr46y,7,7,1
/m/0bvqq,2,2,1
/m/07f5x,2,2,1
/m/014dsx,0,0,1
/m/04gp3_2,5,5,1
/m/0r2kh,3,3,1
/m/0hn2q,5,3,0
/m/01m9f1,5,5,1
/m/03x726,0,0,1
/m/0d9xq,3,3,1
/m/0fhzf,5,7,0
/m/05g2v,5,3,0
/m/02y_93f,1,6,0
/m/04l58n,1,1,1
/m/07tgn,0,0,1
/m/0167bx,1,1,1
/m/04m2zj,4,5,0
/m/06_g8f,1,1,1
/m/040p_q,0,0,1
/m/03dpqd,1,1,1
/m/0glyyw,0,0,1
/m/03cd0x,1,1,1
/m/04j_h4,0,0,1
/m/03cw411,0,0,1
/m/01jb8r,1,1,1
/m/0hmm7,2,2,1
/m/06101p,2,5,0
/m/0d_wms,1,7,0
/m/048xyn,0,5,0
/m/05k2xy,0,0,1
/m/0f2c8g,4,4,1
/m/02krdz,1,1,1
/m/0l8gh,2,2,1
/m/02xbyr,0,0,1
/m/04gknr,1,1,1
/m/03__y,1,1,1
/m/02b14q,0,0,1
/m/01n5sn,0,5,0
/m/026wlxw,1,1,1
/m/03z2rz,3,3,1
/m/0jhn7,5,7,0
/m/04045y,0,0,1
/m/0285xqh,0,0,1
/m/04bs3j,5,5,1
/m/02q8ms8,0,0,1
/m/0mrq3,2,2,1
/m/0171cm,1,1,1
/m/0gw7p,0,0,1
/m/018tnx,0,0,1
/m/05ggt_,5,5,1
/m/089kpp,2,2,1
/m/0170s4,3,3,1
/m/0gj8t_b,0,0,1
/m/042_h5,0,5,0
/m/048xg8,3,3,1
/m/01hv3t,7,7,1
/m/074qgb,1,1,1
/m/034cm,1,1,1
/m/02w4v,1,1,1
/m/0h6l4,5,3,0
/m/02y74,2,2,1
/m/014xf6,2,2,1
/m/03q8xj,1,1,1
/m/01yx7f,0,0,1
/m/02xy5,3,3,1
/m/02jxbw,0,0,1
/m/015gm8,4,3,0
/m/083my7,0,0,1
/m/02qjpv5,0,0,1
/m/02r251z,0,0,1
/m/03xnwz,3,3,1
/m/095p3z,5,1,0
/m/01z9z1,2,2,1
/m/02g839,0,0,1
/m/01wjrn,1,5,0
/m/04x_3,0,0,1
/m/090q8l,0,0,1
/m/01pwz,5,6,0
/m/0k1jg,7,7,1
/m/0fq9zdn,3,3,1
/m/03qpp9,2,2,1
/m/03qh03g,0,0,1
/m/084qpk,0,0,1
/m/06x8y,5,5,1
/m/0lkr7,3,3,1
/m/023qfd,3,3,1
/m/02mjs7,3,3,1
/m/062f2j,1,1,1
/m/0cnk2q,6,1,0
/m/04gf49c,3,3,1
/m/027y151,2,2,1
/m/02404v,2,2,1
/m/01hnp,0,0,1
/m/0xxc,4,4,1
/m/05rrtf,2,2,1
/m/03b6j8,0,0,1
/m/06nr2h,6,6,1
/m/02183k,1,1,1
/m/046b0s,2,2,1
/m/01ty4,0,5,0
/m/05f8c2,0,0,1
/m/01lkky,0,0,1
/m/01d0b1,3,3,1
/m/02b1cn,0,0,1
/m/02zl4d,0,0,1
/m/05567m,3,3,1
/m/017fx5,1,1,1
/m/0151ns,3,3,1
/m/06vqdf,1,1,1
/m/01j59b0,7,7,1
/m/01fc50,1,1,1
/m/04sv4,1,1,1
/m/016kft,2,2,1
/m/01314k,3,3,1
/m/027c95y,1,1,1
/m/0lwyk,1,6,0
/m/04jm_hq,0,0,1
/m/016dgz,3,3,1
/m/05jcn8,2,2,1
/m/01kgg9,0,0,1
/m/027b9k6,3,3,1
/m/01k165,3,3,1
/m/02049g,1,1,1
/m/0kcn7,0,0,1
/m/01fyzy,3,3,1
/m/0407yfx,0,0,1
/m/09c7b,7,7,1
/m/0l39b,0,0,1
/m/0clvcx,0,0,1
/m/041ly3,2,2,1
/m/04h9yl,0,0,1
/m/05c0jwl,1,1,1
/m/02yl42,1,1,1
/m/0bzknt,2,2,1
/m/01k2xy,0,0,1
/m/0d3ff,3,3,1
/m/0281s1,2,2,1
/m/0135g,3,3,1
/m/09kvv,2,2,1
/m/071fb,1,1,1
/m/0284b56,2,2,1
/m/05fnl9,3,5,0
/m/0191n,2,2,1
/m/02rh1dz,0,0,1
/m/027jw0c,0,0,1
/m/032nl2,0,0,1
/m/06xqq,3,3,1
/m/07hgkd,3,3,1
/m/02xhwm,1,1,1
/m/07s467s,1,5,0
/m/05f4_n0,3,6,0
/m/0dd2f,2,2,1
/m/0c408_,5,5,1
/m/0f8l9c,3,5,0
/m/047cx,1,1,1
/m/01c7j1,3,3,1
/m/029q_y,5,5,1
/m/01llj3,1,1,1
/m/02y9wq,2,2,1
/m/025scjj,5,5,1
/m/0jbk,1,5,0
/m/02bqn1,5,3,0
/m/0phrl,0,0,1
/m/02m97n,0,0,1
/m/02q_x_l,1,1,1
/m/0164w8,1,1,1
/m/024mpp,0,0,1
/m/035w2k,2,2,1
/m/07wlt,5,5,1
/m/01t94_1,1,1,1
/m/07s3m4g,0,0,1
/m/025sd_y,3,3,1
/m/01hp5,0,0,1
/m/04qz6n,2,2,1
/m/03kbb8,4,4,1
/m/0d0bsj,0,0,1
/m/03m5k,0,0,1
/m/07tw_b,3,3,1
/m/06sfk6,3,3,1
/m/0dzf_,4,4,1
/m/05qbbfb,0,0,1
/m/011s9r,5,4,0
/m/01qvcr,1,4,0
/m/01yznp,2,2,1
/m/0dwr4,5,7,0
/m/05vzw3,0,0,1
/m/0kb07,5,6,0
/m/02xry,3,6,0
/m/01w_3,0,0,1
/m/0hv0d,5,5,1
/m/03gh4,5,5,1
/m/05drr9,2,2,1
/m/0123gq,3,3,1
/m/0blg2,0,0,1
/m/0cw67g,5,1,0
/m/027lfrs,5,6,0
/m/08jtv5,1,5,0
/m/04tng0,0,0,1
/m/01mv_n,2,2,1
/m/02gd6x,5,5,1
/m/0kw4j,2,2,1
/m/02vwckw,5,5,1
/m/0xgpv,3,3,1
/m/05prs8,3,3,1
/m/0g56t9t,0,0,1
/m/045n3p,5,4,0
/m/01jgkj2,2,2,1
/m/026ldz7,3,0,0
/m/0bk25,1,2,0
/m/01fchy,0,0,1
/m/01f7kl,3,3,1
/m/0gv10,0,0,1
/m/01tp5bj,0,0,1
/m/01y9jr,0,7,0
/m/040_9,0,0,1
/m/0285c,2,2,1
/m/0727h,0,0,1
/m/02b0xq,0,0,1
/m/02fsn,5,6,0
/m/0gq9h,7,7,1
/m/01wz3cx,0,0,1
/m/03crmd,2,2,1
/m/030pr,2,2,1
/m/016srn,0,0,1
/m/014g22,3,3,1
/m/02h758,0,0,1
/m/05gjfk,2,2,1
/m/076zy_g,2,2,1
/m/02k21g,1,1,1
/m/06mvq,3,6,0
/m/02cl1,3,3,1
/m/053mhx,0,0,1
/m/02grjf,3,3,1
/m/03bx2lk,7,7,1
/m/016z7s,2,2,1
/m/04994l,3,3,1
/m/06jtx,3,3,1
/m/01d5z,6,6,1
/m/01hjy5,1,5,0
/m/02b1mr,2,2,1
/m/0gjvqm,3,3,1
/m/03ht1z,0,3,0
/m/027752,0,0,1
/m/0hfzr,3,3,1
/m/083p7,0,0,1
/m/06nd8c,0,0,1
/m/03crcpt,1,5,0
/m/02gt5s,0,0,1
/m/01jwt,5,2,0
/m/0rmby,1,5,0
/m/03m5x4,3,3,1
/m/01b66d,0,0,1
/m/01jlsn,5,5,1
/m/07b1gq,0,5,0
/m/019fh,2,2,1
/m/01n43d,5,5,1
/m/0n5yv,1,1,1
/m/04x56,5,3,0
/m/015l4k,0,0,1
/m/01g23m,3,0,0
/m/07k2x,2,2,1
/m/0b4lkx,0,0,1
/m/04wg38,0,0,1
/m/026kq4q,1,1,1
/m/07nvmx,0,0,1
/m/0hc8h,0,7,0
/m/08hbxv,0,0,1
/m/02cbhg,2,2,1
/m/01sg4_,5,5,1
/m/02gnh0,3,3,1
/m/012gk9,3,3,1
/m/05slvm,2,2,1
/m/027f3ys,1,1,1
/m/0cgm9,6,6,1
/m/04gp1d,2,2,1
/m/01dnnt,7,7,1
/m/0322c5,5,5,1
/m/087v17,0,0,1
/m/032jlh,0,0,1
/m/0kstw,2,2,1
/m/0184jc,0,0,1
/m/06rqw,1,1,1
/m/015f7,1,1,1
/m/01cycq,3,6,0
/m/04xx9s,3,3,1
/m/01qs54,2,2,1
/m/0h2zvzr,0,5,0
/m/02wszf,0,0,1
/m/0ftlkg,0,0,1
/m/0mwcz,0,0,1
/m/01jr6,0,0,1
/m/0l38x,1,1,1
/m/06ywtl,3,3,1
/m/01ln5z,3,0,0
/m/07s6fsf,3,3,1
/m/07g2v,2,2,1
/m/02lf_x,1,5,0
/m/0693l,1,1,1
/m/02ckm7,1,1,1
/m/01l3wr,0,0,1
/m/0167q3,0,0,1
/m/0fnm3,3,3,1
/m/0d6_s,1,1,1
/m/0rhp6,0,0,1
/m/01vt5c_,3,0,0
/m/04_lb,1,1,1
/m/0hwd8,0,0,1
/m/019rg5,3,3,1
/m/01nr36,3,3,1
/m/016qwt,0,0,1
/m/07lp1,2,5,0
/m/0g7pm,2,2,1
/m/09qxq7,5,3,0
/m/0f3zf_,2,2,1
/m/05g3v,5,5,1
/m/0209xj,0,0,1
/m/02d003,3,3,1
/m/0nbwf,0,0,1
/m/02fwfb,0,0,1
/m/04bz2f,1,1,1
/m/02dth1,1,1,1
/m/02hzz,0,0,1
/m/0212zp,0,0,1
/m/02w_l9,5,5,1
/m/024d8w,0,0,1
/m/0dl6fv,2,2,1
/m/018txg,0,0,1
/m/05mxw33,1,1,1
/m/01cpkt,2,2,1
/m/07_lq,2,2,1
/m/09y20,4,6,0
/m/0130xz,5,5,1
/m/09096d,5,5,1
/m/0ky0b,1,1,1
/m/01p0vf,0,0,1
/m/0k3j0,1,1,1
/m/0czp_,3,3,1
/m/0bxqq,2,2,1
/m/02yr3z,1,1,1
/m/05h4fjx,0,0,1
/m/05glt,5,5,1
/m/0f_nbyh,0,5,0
/m/02m3sd,1,1,1
/m/0j6cj,1,6,0
/m/0c73g,0,0,1
/m/03h4mp,1,7,0
/m/0284jb,5,5,1
/m/02lk95,5,5,1
/m/04k3jt,0,5,0
/m/0plw,0,0,1
/m/02648p,0,0,1
/m/046qq,5,5,1
/m/09v0p2c,2,2,1
/m/01dwrc,3,3,1
/m/0tz1j,1,1,1
/m/0nh57,0,0,1
/m/06cmp,0,0,1
/m/070vn,0,0,1
/m/0czr9_,0,0,1
/m/020x5r,3,3,1
/m/09pmkv,5,2,0
/m/06bvp,1,1,1
/m/0fdjb,0,0,1
/m/05xbx,2,2,1
/m/03zbws,2,2,1
/m/01yhm,0,0,1
/m/0fvxg,0,0,1
/m/0678gl,6,6,1
/m/040j2_,1,1,1
/m/0jnrk,2,2,1
/m/07wkd,3,3,1
/m/052bw,5,5,1
/m/0c3351,2,4,0
/m/025spv,1,1,1
/m/0p_sc,0,0,1
/m/036qs_,5,5,1
/m/0mzg2,0,0,1
/m/0kbws,0,0,1
/m/049sb,2,2,1
/m/0ptj2,0,0,1
/m/02p7pxx,7,7,1
/m/020v2,1,1,1
/m/0564mx,1,1,1
/m/02sjf5,2,2,1
/m/01jc6q,0,0,1
/m/0nbcg,2,2,1
/m/0sjqm,1,1,1
/m/01f2q5,3,3,1
/m/03b8gh,3,3,1
/m/0dfcn,4,4,1
/m/032md,2,2,1
/m/02ny6g,0,6,0
/m/077yk0,1,1,1
/m/04g3p5,0,0,1
/m/0233qs,0,0,1
/m/0nbfm,3,3,1
/m/07wgm,3,6,0
/m/0gyh,5,1,0
/m/01xbld,1,1,1
/m/0f7fy,1,1,1
/m/06qc5,0,0,1
/m/03pvt,3,3,1
/m/0ddfph,0,0,1
/m/01rgcg,1,1,1
/m/01qxs3,5,3,0
/m/04d_mtq,5,5,1
/m/0csy8,0,0,1
/m/014lc_,0,0,1
/m/0nv99,3,3,1
/m/09mfvx,1,1,1
/m/0hmyfsv,3,3,1
/m/01jpqb,5,5,1
/m/0ycfj,2,2,1
/m/0gkkf,0,0,1
/m/0fqp6zk,3,3,1
/m/012c6j,0,0,1
/m/0cqh57,2,2,1
/m/012fzm,3,3,1
/m/0nm6z,5,5,1
/m/0cx2r,0,0,1
/m/0399p,0,0,1
/m/053ksp,0,0,1
/m/0nlg4,3,3,1
/m/03y5ky,2,2,1
/m/02b2np,0,0,1
/m/07f1x,7,7,1
/m/088_kf,3,3,1
/m/02fgm7,5,5,1
/m/012xdf,0,0,1
/m/0bv8h2,0,0,1
/m/0287xhr,1,6,0
/m/015pnb,2,2,1
/m/01dc60,2,2,1
/m/0fp5z,2,2,1
/m/0gsg7,0,0,1
/m/025twgt,0,0,1
/m/01yf40,2,5,0
/m/02zfg3,5,6,0
/m/07fq1y,3,3,1
/m/01730d,5,2,0
/m/0nrqh,3,3,1
/m/05jphn,2,2,1
/m/04kl74p,1,5,0
/m/0_75d,2,2,1
/m/0hx4y,1,1,1
/m/0b6jkkg,0,6,0
/m/047vnfs,5,5,1
/m/02w9895,1,1,1
/m/0ds6bmk,3,5,0
/m/07f7jp,0,0,1
/m/02y_2y,0,0,1
/m/07k2d,2,2,1
/m/05lbzg,2,2,1
/m/03w94xt,2,2,1
/m/02r38,5,5,1
/m/07c2wt,3,6,0
/m/02nb2s,4,4,1
/m/05mc99,3,3,1
/m/030tjk,0,0,1
/m/011yr9,1,6,0
/m/01669t,0,0,1
/m/01phtd,2,2,1
/m/015y2q,5,5,1
/m/04ldyx1,1,1,1
/m/0c31_,0,5,0
/m/0c3jz,3,3,1
/m/01qbl,3,3,1
/m/07xl34,0,0,1
/m/017v_,3,3,1
/m/01tf_6,0,0,1
/m/016cff,3,6,0
/m/0645k5,0,0,1
/m/03x33n,2,2,1
/m/01k31p,1,1,1
/m/03qgjwc,5,5,1
/m/09fn1w,0,0,1
/m/01t07j,0,0,1
/m/0mwsh,5,5,1
/m/03yk8z,5,5,1
/m/06x77g,2,2,1
/m/05wgy,3,3,1
/m/025mb_,0,0,1
/m/01_sz1,5,5,1
/m/018jn4,1,1,1
/m/017dbx,1,1,1
/m/0428bc,3,3,1
/m/04__f,3,3,1
/m/0425gc,1,5,0
/m/01dbns,3,3,1
/m/05q54f5,2,2,1
/m/05f67hw,3,3,1
/m/03shpq,5,5,1
/m/01vqrm,2,2,1
/m/0260p2,0,0,1
/m/013jz2,0,0,1
/m/0641kkh,1,1,1
/m/0xzm,5,6,0
/m/047jhq,2,2,1
/m/01515d,3,5,0
/m/01ww2fs,0,0,1
/m/0y3k9,2,2,1
/m/04gv3db,3,3,1
/m/050yl,0,0,1
/m/01l03w2,0,0,1
/m/03m10r,5,6,0
/m/0lh0c,0,0,1
/m/02hrb2,0,0,1
/m/036jv,1,1,1
/m/03676,1,1,1
/m/0c38gj,0,0,1
/m/033smt,0,0,1
/m/03yxwq,0,0,1
/m/0gwjw0c,5,5,1
/m/02t7t,2,2,1
/m/02jx1,5,1,0
/m/0517bc,1,1,1
/m/0g_zyp,3,3,1
/m/09v51c2,0,0,1
/m/0fl35,5,5,1
/m/03zrp,3,1,0
/m/02qfh,5,1,0
/m/0443y3,1,6,0
/m/02v3m7,1,1,1
/m/089j8p,3,3,1
/m/016wyn,1,6,0
/m/01vvycq,1,1,1
/m/05jrj4,0,0,1
/m/0190zg,3,3,1
/m/04764j,5,6,0
/m/0411q,2,2,1
/m/0h_cssd,3,3,1
/m/0qmhk,3,3,1
/m/03lpp_,0,0,1
/m/041xyk,2,2,1
/m/035tlh,2,2,1
/m/04qk12,2,4,0
/m/06c9r,7,7,1
/m/032f6,1,1,1
/m/01vhrz,2,2,1
/m/0b28g,2,2,1
/m/02q3wl,5,5,1
/m/02yxwd,1,1,1
/m/02qdymm,2,2,1
/m/0gw2y6,3,3,1
/m/02c638,2,2,1
/m/01l_9d,0,0,1
/m/04vh83,4,4,1
/m/02qkk9_,0,0,1
/m/01s7j5,0,0,1
/m/0ftps,3,5,0
/m/047myg9,0,0,1
/m/0sg6b,2,2,1
/m/02qrbbx,0,2,0
/m/01gn36,3,3,1
/m/024bbl,2,2,1
/m/01mqnr,1,2,0
/m/0565cz,0,7,0
/m/012x03,2,2,1
/m/0db94,5,5,1
/m/03rk0,0,0,1
/m/0n1tx,5,6,0
/m/0g34_,5,5,1
/m/0k0rf,2,2,1
/m/09swkk,2,2,1
/m/02s6tk,0,1,0
/m/0d1tm,5,5,1
/m/0cq7kw,0,6,0
/m/0140t7,0,0,1
/m/0kzcv,2,2,1
/m/03k9fj,0,0,1
/m/03f19q4,0,0,1
/m/0168dy,1,1,1
/m/03yrkt,1,1,1
/m/033hqf,0,5,0
/m/01337_,3,5,0
/m/0mn6,0,7,0
/m/02_33l,5,5,1
/m/05g7tj,1,1,1
/m/01hqhm,0,0,1
/m/0mlxt,1,1,1
/m/0glt670,4,4,1
/m/01rs41,1,1,1
/m/06srk,0,0,1
/m/06lbpz,3,5,0
/m/01qckn,5,6,0
/m/04pbsq,5,5,1
/m/0gqrb,4,4,1
/m/01y2mq,0,0,1
/m/01gxqf,0,0,1
/m/06btq,3,3,1
/m/0k696,2,2,1
/m/01vsxdm,2,2,1
/m/05j9_f,5,2,0
/m/013sg6,3,3,1
/m/0bd2n4,0,0,1
/m/01w8sf,5,2,0
/m/06ztwyd,2,2,1
/m/02n9jv,1,2,0
/m/02l5rm,0,0,1
/m/0mws3,0,0,1
/m/02dr9j,2,2,1
/m/0rw2x,5,5,1
/m/03j0dp,3,5,0
/m/04n1hqz,5,5,1
/m/027f2w,3,3,1
/m/01vtmw6,1,1,1
/m/01mf_,3,3,1
/m/01y3_q,5,5,1
/m/02r6c_,3,3,1
/m/0jbqf,5,5,1
/m/02_p8v,7,7,1
/m/016sqs,3,3,1
/m/038w8,1,1,1
/m/0b_6q5,0,6,0
/m/016jhr,0,0,1
/m/022qw7,0,0,1
/m/03_fmr,0,0,1
/m/01sh2,3,6,0
/m/0dq3c,0,0,1
/m/033071,0,0,1
/m/02yw1c,3,3,1
/m/0161c2,1,1,1
/m/099p5,1,1,1
/m/02qkq0,7,7,1
/m/02h8p8,1,1,1
/m/0fm3nb,0,4,0
/m/0nm6k,5,5,1
/m/0bp_b2,3,3,1
/m/05h7tk,5,5,1
/m/0hvjr,5,6,0
/m/020vx9,1,1,1
/m/09k2t1,0,1,0
/m/0g2ff,0,0,1
/m/0gjm7,0,0,1
/m/04mzf8,1,2,0
/m/01mk6,2,2,1
/m/0jfvs,5,5,1
/m/03_hd,0,0,1
/m/0gtgp6,0,2,0
/m/0184tc,1,1,1
/m/02jnw,0,0,1
/m/0d4fqn,1,1,1
/m/01z2sn,3,3,1
/m/01shhf,5,7,0
/m/05d1dy,2,2,1
/m/0642ykh,0,0,1
/m/029kpy,3,5,0
/m/0lkm,2,2,1
/m/01d0fp,0,0,1
/m/0cjdk,0,0,1
/m/021vwt,1,1,1
/m/0k33p,5,5,1
/m/03gqgt3,3,3,1
/m/060ny2,1,1,1
/m/0cf_h9,4,4,1
/m/01pv91,2,2,1
/m/0565rv,1,1,1
/m/0bwgc_,5,2,0
/m/039xcr,4,4,1
/m/06nnj,0,0,1
/m/0261m,2,2,1
/m/05n19y,2,2,1
/m/024my5,3,3,1
/m/04s430,4,4,1
/m/02wlwtm,5,3,0
/m/0bcndz,1,1,1
/m/02s9vc,3,3,1
/m/01l29r,3,6,0
/m/01bdxz,0,0,1
/m/0hv7l,6,6,1
/m/0m_zm,0,0,1
/m/017g21,1,1,1
/m/03nx8mj,2,2,1
/m/04l5f2,0,0,1
/m/0jt86,2,1,0
/m/01w1kyf,3,6,0
/m/074w86,2,2,1
/m/06r1k,2,2,1
/m/0kvgxk,2,2,1
/m/03fgm,0,0,1
/m/04sj3,5,5,1
/m/05qsxy,3,3,1
/m/0dl567,2,2,1
/m/02zkz7,0,0,1
/m/02fp82,1,1,1
/m/0l35f,0,0,1
/m/01vvb4m,2,2,1
/m/0k424,2,2,1
/m/0b2lw,2,2,1
/m/025g__,0,0,1
/m/01bs9f,0,3,0
/m/016tvq,1,5,0
/m/01qqtr,3,5,0
/m/0_5w_,7,7,1
/m/08vq2y,5,5,1
/m/04913k,0,0,1
/m/06d5cc,0,0,1
/m/01rt2z,0,0,1
/m/03lpbx,0,0,1
/m/024qwq,0,4,0
/m/06jkm,3,3,1
/m/0pf5y,5,6,0
/m/03h_fqv,0,0,1
/m/050r1z,6,6,1
/m/048rn,3,3,1
/m/04lqvly,4,4,1
/m/0j8sq,1,1,1
/m/0225v9,0,0,1
/m/01wj9y9,0,0,1
/m/03x23q,4,4,1
/m/04fh3,3,5,0
/m/04h6mm,3,6,0
/m/03mstc,1,5,0
/m/0z9c,2,2,1
/m/01pbxb,2,2,1
/m/03x83_,0,0,1
/m/03h64,0,0,1
/m/05vzql,2,2,1
/m/019g40,0,0,1
/m/0237w6,0,0,1
/m/013ksx,0,0,1
/m/0bpgx,0,0,1
/m/02mg7n,1,1,1
/m/04nfpk,0,0,1
/m/0jgx,3,3,1
/m/0bnzd,3,3,1
/m/03k8th,2,2,1
/m/03qk20,1,1,1
/m/016fnb,1,1,1
/m/01t6xz,1,1,1
/m/0h1wz,3,3,1
/m/03xkps,5,5,1
/m/01nxfc,0,0,1
/m/04jwp,1,1,1
/m/07tg4,4,2,0
/m/02zbjwr,1,1,1
/m/0kb3n,3,3,1
/m/03z20c,5,5,1
/m/0992d9,2,2,1
/m/013fn,0,0,1
/m/07xzm,5,6,0
/m/01gtbb,0,0,1
/m/05jg58,3,5,0
/m/053y4h,0,0,1
/m/02s8qk,0,0,1
/m/02tk74,3,3,1
/m/01tw31,0,2,0
/m/071dcs,2,2,1
/m/0dq2k,0,0,1
/m/0msyb,5,5,1
/m/0hl3d,1,1,1
/m/07d3z7,1,1,1
/m/077q8x,0,0,1
/m/06yj20,0,0,1
/m/05r6t,0,0,1
/m/05c6073,5,1,0
/m/063yv,1,1,1
/m/01g63y,2,2,1
/m/0dly0,0,0,1
/m/0bth54,0,7,0
/m/0fx0j2,0,0,1
/m/0n3dv,2,2,1
/m/025cbm,2,2,1
/m/021y7yw,1,1,1
/m/012q4n,2,2,1
/m/02r0csl,0,0,1
/m/03qsdpk,3,3,1
/m/02zfdp,3,3,1
/m/02ndbd,3,3,1
/m/06cvx,2,2,1
/m/0m0fw,2,2,1
/m/062ftr,4,4,1
/m/0jzgd,2,2,1
/m/01hvjx,3,3,1
/m/04gr35,5,3,0
/m/02x258x,5,1,0
/m/0d1qn,5,3,0
/m/04180vy,6,0,0
/m/0dj0x,0,0,1
/m/0dt5k,3,3,1
/m/01ync,1,1,1
/m/01p47r,0,0,1
/m/01sxdy,5,5,1
/m/02_1kl,2,2,1
/m/054c1,0,0,1
/m/01bkv,5,5,1
/m/0ck27z,3,6,0
/m/025vwmy,0,0,1
/m/04gp58p,5,1,0
/m/0jgqg,1,1,1
/m/05cv8,3,0,0
/m/01bbwp,0,0,1
/m/0j5g9,1,1,1
/m/0bwx3,5,5,1
/m/0dyb1,1,1,1
/m/01p1b,2,2,1
/m/02fr2d,0,0,1
/m/0mnz0,1,1,1
/m/0c9c0,3,3,1
/m/01n3bm,1,1,1
/m/0mx48,0,0,1
/m/09zyn5,0,0,1
/m/0cpz4k,2,2,1
/m/02h3tp,0,0,1
/m/01b7h8,0,0,1
/m/0174qm,4,4,1
/m/01rddlc,0,0,1
/m/043n1r5,1,1,1
/m/027jq2,1,4,0
/m/04wzr,1,5,0
/m/0mlyw,0,0,1
/m/03zv2t,0,0,1
/m/01_q7h,0,7,0
/m/02ht0ln,0,0,1
/m/02p_04b,2,2,1
/m/01kff7,0,7,0
/m/02w9k1c,0,0,1
/m/0283d,2,2,1
/m/04q5zw,0,6,0
/m/01dq9q,5,5,1
/m/01_jky,0,0,1
/m/02rg_4,5,5,1
/m/0mvn6,2,2,1
/m/07_hy,0,0,1
/m/07m2y,1,1,1
/m/0778p,0,0,1
/m/08720,0,0,1
/m/01p_ng,0,6,0
/m/01dvbd,4,2,0
/m/01wgx4,2,2,1
/m/085pr,0,0,1
/m/06w33f8,6,6,1
/m/01grmk,2,2,1
/m/03q3sy,5,5,1
/m/01njml,5,5,1
/m/0km5c,1,1,1
/m/03wkwg,5,5,1
/m/06x4c,5,6,0
/m/0cvkv5,2,2,1
/m/0fkhz,2,2,1
/m/0jfx,2,2,1
/m/0ct2tf5,0,0,1
/m/04d5v9,3,3,1
/m/02cnqk,0,0,1
/m/04njml,5,3,0
/m/09f5rr,5,1,0
/m/0j86l,0,0,1
/m/0173s9,0,0,1
/m/01gkg3,0,0,1
/m/09hd16,0,6,0
/m/0y3_8,5,3,0
/m/05typm,1,1,1
/m/02d413,1,1,1
/m/01d4cb,3,3,1
/m/0q_xk,0,0,1
/m/04rkkv,3,3,1
/m/0_xdd,0,0,1
/m/0gys2jp,5,5,1
/m/049lr,2,2,1
/m/03gwpw2,3,3,1
/m/0fm3kw,7,7,1
/m/04xhwn,1,1,1
/m/0l38g,7,7,1
/m/02tqm5,2,2,1
/m/023s8,0,0,1
/m/073hkx,2,2,1
/m/026n4h6,3,3,1
/m/06r_by,0,5,0
/m/064vjs,0,0,1
/m/0257yf,2,2,1
/m/03y_46,5,1,0
/m/0170z3,7,7,1
/m/0cwt70,2,2,1
/m/0rvty,0,0,1
/m/0f42nz,2,2,1
/m/01j8yr,0,0,1
/m/0cm5m,7,7,1
/m/019pm_,1,6,0
/m/01w61th,5,6,0
/m/05th8t,4,4,1
/m/0275_pj,3,3,1
/m/019bk0,3,3,1
/m/09gkdln,1,1,1
/m/014nq4,3,3,1
/m/02ykw,5,5,1
/m/03bnv,0,0,1
/m/02qjb7z,2,2,1
/m/0nzm,2,2,1
/m/0b_dh,0,4,0
/m/037vqt,0,0,1
/m/0hfjk,5,5,1
/m/01fszq,2,2,1
/m/09p5mwg,0,0,1
/m/0h584v,5,3,0
/m/0bk4s,7,7,1
/m/03xzxb,0,0,1
/m/0ccck7,0,7,0
/m/089tm,7,7,1
/m/0gxbl,3,3,1
/m/08_yl1,0,0,1
/m/0cks1m,3,3,1
/m/0r785,3,3,1
/m/042g7t,5,5,1
/m/05f3q,5,5,1
/m/0d6hn,0,0,1
/m/0g5pv3,0,0,1
/m/01w0yrc,3,3,1
/m/01jvxb,2,2,1
/m/027zz,3,3,1
/m/0fr9jp,1,1,1
/m/02qdzd,2,2,1
/m/04f6df0,0,0,1
/m/01gx5f,3,6,0
/m/0nvvw,3,6,0
/m/0dhf5,3,3,1
/m/06kl78,0,2,0
/m/013d7t,5,1,0
/m/07m9cm,5,5,1
/m/0fc_p,2,2,1
/m/02kxx1,2,2,1
/m/0fd6qb,3,3,1
/m/016376,0,0,1
/m/03k545,3,3,1
/m/05sxg2,5,5,1
/m/02704ff,0,6,0
/m/041mt,3,3,1
/m/0jcmj,3,3,1
/m/0gmkn,3,3,1
/m/05sy_5,0,0,1
/m/0mhhc,2,2,1
/m/0fj52s,5,5,1
/m/056_y,5,7,0
/m/0d6br,2,2,1
/m/09x_r,1,1,1
/m/0mkdm,5,1,0
/m/071pf2,0,0,1
/m/09v38qj,2,2,1
/m/013423,2,2,1
/m/018zvb,4,4,1
/m/0c8qq,0,2,0
/m/0f61tk,0,0,1
/m/013ybx,3,3,1
/m/01f1ps,2,2,1
/m/01f2w0,5,5,1
/m/07nxvj,0,0,1
/m/015gw6,0,5,0
/m/05jfx9,7,7,1
/m/01dy7j,1,1,1
/m/0c3mz,7,7,1
/m/01m1zk,3,3,1
/m/01q1_c,3,3,1
/m/0gcs9,0,0,1
/m/01tpl1p,5,5,1
/m/0dy68h,0,0,1
/m/0fzrhn,0,0,1
/m/04bjff,2,2,1
/m/0cbm64,0,0,1
/m/03fhml,2,2,1
/m/045931,3,6,0
/m/01vmv_,2,2,1
/m/03c6s24,4,4,1
/m/01xjx6,0,0,1
/m/0bg4j_,2,2,1
/m/053xw6,1,1,1
/m/0gmblvq,5,5,1
/m/0h6dy,5,7,0
/m/01f7j9,5,5,1
/m/09cr8,1,1,1
/m/02qbjm,7,7,1
/m/01lvcs1,2,2,1
/m/0425yz,0,0,1
/m/0h336,0,0,1
/m/0725ny,3,3,1
/m/01m7mv,0,0,1
/m/0x67,5,7,0
/m/0c_zx,5,5,1
/m/0fbtbt,3,3,1
/m/05zbm4,5,5,1
/m/03hf_rm,3,3,1
/m/02sqkh,0,0,1
/m/0prhz,3,3,1
/m/024pcx,2,2,1
/m/06hzsx,2,2,1
/m/07wm6,4,4,1
/m/0jrv_,2,2,1
/m/0kbf1,3,3,1
/m/0gp_x9,5,5,1
/m/02b13y,3,3,1
/m/03z8w6,1,1,1
/m/01gbb4,2,2,1
/m/0ny75,3,3,1
/m/04knq3,2,2,1
/m/06b19,0,0,1
/m/09bw4_,0,0,1
/m/02r3cn,5,1,0
/m/03hbbc,3,6,0
/m/035rnz,1,4,0
/m/0kvrb,5,5,1
/m/06r3p2,1,1,1
/m/0105y2,4,4,1
/m/0395lw,2,2,1
/m/01hbgs,3,6,0
/m/04cvn_,5,6,0
/m/02kxwk,0,0,1
/m/0gg4h,2,2,1
/m/01bzw5,0,0,1
/m/05css_,7,2,0
/m/01wzlxj,5,5,1
/m/0c7ct,3,3,1
/m/05b2gsm,0,0,1
/m/03jm6c,2,2,1
/m/018dx9,0,0,1
/m/02yr1q,4,4,1
/m/0bqthy,2,5,0
/m/05zr6wv,1,1,1
/m/0154qm,3,5,0
/m/0c630,0,0,1
/m/02sjgpq,5,5,1
/m/057n_g,2,2,1
/m/0243cq,3,6,0
/m/04h07s,2,2,1
/m/03hdz8,0,3,0
/m/01g969,3,3,1
/m/0n6f8,0,1,0
/m/0_b3d,0,0,1
/m/034fl9,5,5,1
/m/04knkd,1,1,1
/m/0k3gj,3,3,1
/m/0gppg,1,1,1
/m/01mbwlb,0,0,1
/m/0jsw9l,5,6,0
/m/02r2qt7,5,5,1
/m/0p0mx,5,5,1
/m/022dp5,0,0,1
/m/0bkf4,3,3,1
/m/04t0p1,3,3,1
/m/01kkx2,5,4,0
/m/0rql_,0,0,1
/m/02xgdv,3,3,1
/m/02nf2c,0,0,1
/m/0dr5y,0,0,1
/m/0kvbl6,2,2,1
/m/0kj34,5,5,1
/m/09b_0m,2,2,1
/m/01c6rd,4,4,1
/m/018qt8,1,1,1
/m/0564x,0,0,1
/m/01h1b,2,2,1
/m/0cymln,2,2,1
/m/02rdxsh,0,0,1
/m/06mbny,1,1,1
/m/02t_w8,3,3,1
/m/015qqg,0,5,0
/m/01vqq1,4,4,1
/m/0l14md,3,3,1
/m/0prxp,2,2,1
/m/09p0ct,0,0,1
/m/01fmy9,3,3,1
/m/070c93,3,3,1
/m/02jm9c,5,6,0
/m/01m23s,0,0,1
/m/011ys5,5,5,1
/m/0g54xkt,5,5,1
/m/048j4l,7,7,1
/m/01t_1p,0,6,0
/m/05g49,1,1,1
/m/0mzy7,1,6,0
/m/035ktt,1,1,1
/m/0z2gq,1,1,1
/m/0537y_,1,1,1
/m/02knxx,0,0,1
/m/02_wxh,2,2,1
/m/0hsph,3,7,0
/m/0n03f,0,1,0
/m/02gnmp,7,7,1
/m/02lk60,2,2,1
/m/025rvx0,1,1,1
/m/017lb_,5,5,1
/m/034b6k,0,5,0
/m/072192,0,0,1
/m/07147,1,1,1
/m/0m3gy,1,1,1
/m/021sv1,1,1,1
/m/0c01c,2,2,1
/m/03_wtr,0,0,1
/m/01wdgb,1,1,1
/m/0gtzp,0,0,1
/m/0r5lz,1,1,1
/m/076_74,2,2,1
/m/0cnl1c,7,7,1
/m/02rjz5,2,2,1
/m/037njl,3,3,1
/m/0nty_,2,2,1
/m/01ddth,0,0,1
/m/01bm_,3,3,1
/m/0p5vf,1,1,1
/m/01kf3_9,0,0,1
/m/02vr7,3,3,1
/m/07657k,7,7,1
/m/03wbqc4,5,5,1
/m/022zq3,3,3,1
/m/0jrgr,2,2,1
/m/03r0rq,3,3,1
/m/02zcz3,1,1,1
/m/0gs5q,0,0,1
/m/03j24kf,1,5,0
/m/03ys48,0,0,1
/m/01chc7,2,2,1
/m/01kyvx,0,0,1
/m/03rqww,3,3,1
/m/06n9lt,5,5,1
/m/02_1q9,0,1,0
/m/02kxbwx,5,6,0
/m/07dvs,2,2,1
/m/03wjb7,1,2,0
/m/03fmw_,0,0,1
/m/01ct6,1,1,1
/m/04czx7,0,0,1
/m/0gztl,1,1,1
/m/03mr85,1,1,1
/m/01_vfy,0,0,1
/m/0gjcy,2,2,1
/m/04mjl,0,0,1
/m/025_64l,0,0,1
/m/09ld6g,2,2,1
/m/0126rp,1,1,1
/m/01bgqh,2,2,1
/m/01xn6jr,0,3,0
/m/014cw2,5,5,1
/m/0gr42,0,0,1
/m/0drr3,1,1,1
/m/010bxh,0,0,1
/m/047lj,1,1,1
/m/06crng,1,1,1
/m/02hkv5,0,0,1
/m/01k2wn,0,0,1
/m/014l4w,3,3,1
/m/02k1b,3,3,1
/m/09d5h,5,6,0
/m/0cw3yd,2,2,1
/m/0fy66,1,1,1
/m/01m15br,5,3,0
/m/03j1p2n,0,0,1
/m/0257__,1,1,1
/m/02t0n9,0,0,1
/m/0165b,0,7,0
/m/0r2l7,3,3,1
/m/0g8g6,3,3,1
/m/03rwz3,0,0,1
/m/0277g,0,0,1
/m/01x53m,3,6,0
/m/03b79,0,5,0
/m/04gc65,0,0,1
/m/019bnn,2,2,1
/m/0h52w,0,0,1
/m/05fky,0,0,1
/m/056zf9,0,0,1
/m/0jmfb,0,0,1
/m/04v68c,5,5,1
/m/0224z4,1,5,0
/m/01mr2g6,3,6,0
/m/04vrxh,2,2,1
/m/06lq2g,1,1,1
/m/01w40h,2,4,0
/m/03k1vm,0,0,1
/m/0n6rv,3,3,1
/m/05myd2,5,5,1
/m/02rx2m5,0,0,1
/m/025tkqy,5,6,0
/m/06rf7,0,0,1
/m/06by7,0,0,1
/m/08mg_b,6,6,1
/m/03fvqg,0,0,1
/m/05172y,3,3,1
/m/0260bz,5,4,0
/m/04bdxl,0,0,1
/m/01q2nx,2,2,1
/m/04ktcgn,0,0,1
/m/0j_1v,2,2,1
/m/0byh8j,2,2,1
/m/023ny6,1,1,1
/m/0g284,2,2,1
/m/01xd9,0,0,1
/m/01n4f8,2,2,1
/m/0265vt,0,0,1
/m/03mbdx_,0,0,1
/m/01vvpjj,1,1,1
/m/0gs0g,7,7,1
/m/027vps,0,0,1
/m/0fv89q,2,2,1
/m/026bt_h,5,5,1
/m/0193x,3,3,1
/m/07c9s,5,5,1
/m/03qhyn8,0,0,1
/m/0km3f,1,1,1
/m/03fwl,0,0,1
/m/06wm0z,3,3,1
/m/045c66,3,6,0
/m/0bx_hnp,1,6,0
/m/02_06s,3,3,1
/m/05nqq3,1,1,1
/m/03188,2,2,1
/m/09cd3s,3,3,1
/m/026hxwx,0,6,0
/m/06kbb6,7,7,1
/m/0bt7w,2,2,1
/m/03mp8k,1,7,0
/m/0n5gb,0,0,1
/m/01fs__,3,3,1
/m/016s0m,2,2,1
/m/039c26,0,0,1
/m/03l2n,0,0,1
/m/0cpyv,1,1,1
/m/0172rj,2,2,1
/m/02fj8n,2,2,1
/m/0bqyhk,3,3,1
/m/01v8y9,2,2,1
/m/0bby9p5,0,0,1
/m/05ll37,5,5,1
/m/09snz,1,1,1
/m/02vk52z,2,2,1
/m/03bww6,3,5,0
/m/03jqw5,5,5,1
/m/0dzlk,2,2,1
/m/02z_b,2,2,1
/m/020bg,0,0,1
/m/02m4yg,0,0,1
/m/05zdk2,0,0,1
/m/071h5c,3,3,1
/m/0464gkc,5,5,1
/m/09n4nb,2,2,1
/m/022h5x,2,2,1
/m/0c6qh,4,4,1
/m/08cg36,1,1,1
/m/01lb5,3,3,1
/m/01y8kf,5,5,1
/m/027xx3,3,3,1
/m/089g0h,0,6,0
/m/01hf6,0,0,1
/m/0jhjl,2,2,1
/m/0ph24,2,2,1
/m/07nt8p,2,2,1
/m/053rd,0,0,1
/m/02lvtb,0,0,1
/m/03_wpf,2,2,1
/m/0dj5q,1,5,0
/m/05rh2,2,2,1
/m/0499lc,3,3,1
/m/01cwdk,0,0,1
/m/01zmqw,3,0,0
/m/01twdk,5,7,0
/m/0859_,0,0,1
/m/030hbp,0,0,1
/m/02jm0n,2,2,1
/m/04vzv4,5,5,1
/m/03y317,0,0,1
/m/06jntd,5,3,0
/m/0p7tb,1,1,1
/m/0zpfy,0,0,1
/m/01_d4,0,0,1
/m/0fphgb,5,5,1
/m/01rnxn,1,1,1
/m/03spz,2,2,1
/m/0dkv90,5,5,1
/m/018y2s,0,0,1
/m/0l30v,0,0,1
/m/098r1q,1,1,1
/m/07gkgp,2,2,1
/m/02n5d,3,3,1
/m/07f_7h,0,0,1
/m/0d8s8,2,2,1
/m/02gdjb,3,3,1
/m/0150t6,0,0,1
/m/06qn87,0,0,1
/m/0846v,0,0,1
/m/0mr_8,5,1,0
/m/0h1k6,0,0,1
/m/01gw4f,2,2,1
/m/0n1v8,2,2,1
/m/02qkt,7,7,1
/m/04q24zv,3,3,1
/m/0ng8v,0,0,1
/m/01t_z,0,0,1
/m/04z_x4v,0,0,1
/m/0gqxm,0,0,1
/m/05gml8,0,0,1
/m/01hxs4,3,3,1
/m/023nlj,3,3,1
/m/0mhhw,1,1,1
/m/02hnl,0,0,1
/m/0pd6l,0,0,1
/m/01mskc3,2,2,1
/m/0197tq,3,5,0
/m/0ybkj,3,3,1
/m/01c7qd,0,0,1
/m/0fczy,2,2,1
/m/05l5n,6,6,1
/m/04vn_k,1,1,1
/m/039_ym,2,2,1
/m/01p7b6b,3,3,1
/m/017z49,0,0,1
/m/012d9h,2,2,1
/m/06y611,0,0,1
/m/092868,1,1,1
/m/0680x0,1,1,1
/m/01l69g,0,0,1
/m/06mnps,0,0,1
/m/01fxg8,0,0,1
/m/01dcqj,1,1,1
/m/09xw2,5,7,0
/m/0hjy,0,0,1
/m/09k34g,0,0,1
/m/02js9,1,1,1
/m/0d9qmn,2,2,1
/m/07s2s,3,3,1
/m/01d34b,1,1,1
/m/09tlh,1,1,1
/m/01lys3,1,1,1
/m/05z_kps,0,0,1
/m/0l_n1,6,6,1
/m/023sm8,6,6,1
/m/01r32,0,0,1
/m/04ty8,4,4,1
/m/0b5x23,1,1,1
/m/073bb,2,2,1
/m/02b10w,0,0,1
/m/04h54p,0,0,1
/m/03f2_rc,1,1,1
/m/0265wl,3,3,1
/m/03s0c,0,0,1
/m/04g73n,1,1,1
/m/0x3r3,2,2,1
/m/019mlh,2,2,1
/m/02k_px,3,5,0
/m/02tq2r,5,7,0
/m/026kds,7,7,1
/m/01wx756,4,4,1
/m/02vqhv0,1,1,1
/m/025s0s0,0,0,1
/m/04qdj,0,0,1
/m/058yv_,1,1,1
/m/08s0m7,0,0,1
/m/01ysy9,1,2,0
/m/03ktjq,0,0,1
/m/0bytkq,0,0,1
/m/04135,0,0,1
/m/0gfhg1y,3,3,1
/m/09pgj2,2,2,1
/m/01llxp,0,0,1
/m/03f5spx,1,1,1
/m/0jmnl,5,5,1
/m/0g64p,0,0,1
/m/01kx_81,3,3,1
/m/03f2fw,0,0,1
/m/07z4p5,3,3,1
/m/01756d,3,3,1
/m/0h7t36,0,0,1
/m/01963w,2,2,1
/m/01q6bg,0,7,0
/m/01zz8t,3,3,1
/m/03k99c,1,1,1
/m/04165w,3,3,1
/m/019dwp,1,1,1
/m/05jt_,5,6,0
/m/0mzj_,1,1,1
/m/0bfvd4,0,0,1
/m/0408np,2,2,1
/m/03tcnt,3,3,1
/m/0f8pz,0,0,1
/m/01l79yc,1,1,1
/m/09yrh,0,0,1
/m/03fhj1,5,5,1
/m/06lckm,3,3,1
/m/07ffjc,5,5,1
/m/01yz0x,2,2,1
/m/0gtxj2q,2,2,1
/m/02qw1zx,0,0,1
/m/01gtc0,1,1,1
/m/05th69,0,0,1
/m/0bxjpy,7,7,1
/m/091xrc,0,0,1
/m/01yzhn,1,5,0
/m/02t901,5,1,0
/m/01k_r5b,2,2,1
/m/0969vz,0,1,0
/m/014zz1,1,1,1
/m/02n1gr,0,0,1
/m/013807,1,1,1
/m/0280mv7,2,2,1
/m/01cgxp,0,0,1
/m/0q96,0,0,1
/m/01jzyx,3,3,1
/m/025rsfk,0,0,1
/m/09gb9xh,1,1,1
/m/016zfm,5,5,1
/m/01k60v,5,5,1
/m/01vw26l,0,1,0
/m/0c4xc,0,0,1
/m/067nv,0,0,1
/m/05683p,0,0,1
/m/0175tv,2,2,1
/m/033w9g,0,0,1
/m/0mrhq,3,3,1
/m/09jvl,3,3,1
/m/0dbb3,3,3,1
/m/048hf,0,6,0
/m/01gzm2,2,2,1
/m/07c2yr,0,0,1
/m/0n9r8,0,4,0
/m/02zp1t,0,0,1
/m/04b_46,0,0,1
/m/08jbxf,3,3,1
/m/05ztjjw,0,0,1
/m/05rd8,0,0,1
/m/0ctt4z,1,1,1
/m/065zlr,1,1,1
/m/01p970,0,0,1
/m/01chg,2,2,1
/m/018jcq,2,2,1
/m/01ccr8,0,0,1
/m/05hwn,2,2,1
/m/096ysw,0,0,1
/m/0pyg6,5,2,0
/m/04v8h1,3,3,1
/m/016pjk,0,0,1
/m/02723p8,5,6,0
/m/02z9rr,0,0,1
/m/0jsg0m,1,1,1
/m/02h661t,0,0,1
/m/028v3,0,0,1
/m/02ly_,2,2,1
/m/05nlx4,3,6,0
/m/01t7j,2,2,1
/m/01s0t3,5,5,1
/m/0dfjb8,3,3,1
/m/02_1ky,2,2,1
/m/01j_jh,0,0,1
/m/01qrcx,2,2,1
/m/07hpv3,0,0,1
/m/0dw4g,0,0,1
/m/03c6vl,2,2,1
/m/0ncj8,2,2,1
/m/02ryvsw,2,2,1
/m/03j6c,0,0,1
/m/03jgz,3,6,0
/m/01k2yr,2,2,1
/m/02_l9,0,0,1
/m/09v4bym,1,5,0
/m/06m61,1,1,1
/m/0kz1h,1,5,0
/m/0jmbv,0,0,1
/m/099ty,0,0,1
/m/02s2wq,5,5,1
/m/05p1dby,3,5,0
/m/03by7wc,3,3,1
/m/08qvhv,0,0,1
/m/01rmnp,5,1,0
/m/02m_41,2,2,1
/m/02x8n1n,0,0,1
/m/045j3w,2,2,1
/m/01kgxf,1,0,0
/m/01pd60,0,0,1
/m/099vwn,3,3,1
/m/07w8fz,2,2,1
/m/038bht,5,6,0
/m/0686zv,3,3,1
/m/015h31,0,0,1
/m/01bpn,0,0,1
/m/0gj9qxr,3,3,1
/m/03b3j,4,4,1
/m/018ckn,3,0,0
/m/01k8q5,0,0,1
/m/01zcrv,0,0,1
/m/0d9l1,1,1,1
/m/0pfd9,3,3,1
/m/030xr_,2,2,1
/m/06b_j,2,2,1
/m/01sl1q,0,0,1
/m/034_7s,3,5,0
/m/021_z5,1,1,1
/m/02qssrm,5,5,1
/m/0d6d2,3,3,1
/m/0brkwj,3,3,1
/m/03w9bjf,5,3,0
/m/0k3kg,5,7,0
/m/02qjv1p,5,7,0
/m/04yqlk,2,2,1
/m/0g7s1n,1,2,0
/m/049dyj,2,2,1
/m/018wdw,5,1,0
/m/01r_t_,3,3,1
/m/02w29z,0,0,1
/m/09472,2,2,1
/m/01h4rj,3,3,1
/m/06fz_,3,3,1
/m/05znxx,3,3,1
/m/049bp4,0,0,1
/m/09px1w,0,0,1
/m/087_wh,3,3,1
/m/0kctd,1,1,1
/m/01gbn6,3,1,0
/m/0bpsmq,0,0,1
/m/05zp8,0,0,1
/m/0fcgd,0,0,1
/m/06wcbk7,6,6,1
/m/081lh,3,3,1
/m/0847q,2,2,1
/m/02661h,5,6,0
/m/0drrw,1,6,0
/m/03j_hq,2,2,1
/m/05g2b,0,0,1
/m/014dfn,0,0,1
/m/0gy7bj4,0,0,1
/m/0fhmf,3,3,1
/m/09hzw,3,6,0
/m/0l0wv,0,0,1
/m/01vs73g,3,3,1
/m/01lnyf,3,3,1
/m/01lf293,0,0,1
/m/06dv3,0,0,1
/m/016ggh,0,0,1
/m/0pqp3,3,3,1
/m/073hgx,2,2,1
/m/0fvr1,0,0,1
/m/0f2wj,5,5,1
/m/049fbh,0,0,1
/m/0gz5hs,3,3,1
/m/0n4m5,1,1,1
/m/0fc32,0,0,1
/m/03gkb0,2,2,1
/m/029j_,2,2,1
/m/0jmh7,0,0,1
/m/0cj2nl,3,6,0
/m/03295l,0,0,1
/m/0214km,5,7,0
/m/04chyn,0,0,1
/m/06bnz,1,1,1
/m/0ck7l,1,1,1
/m/0d9z_y,0,0,1
/m/09xrxq,5,6,0
/m/0r03f,7,7,1
/m/0byfz,3,0,0
/m/0k3nk,0,0,1
/m/0456zg,5,5,1
/m/01vvy,3,3,1
/m/013l6l,3,3,1
/m/0520y3,0,0,1
/m/05pcn59,0,0,1
/m/09qwmm,0,0,1
/m/0drc1,3,6,0
/m/01p79b,3,3,1
/m/0m2mk,5,5,1
/m/0bdlj,2,2,1
/m/01jnf1,2,2,1
/m/02j3w,2,2,1
/m/0p7pw,0,0,1
/m/04dn71w,0,0,1
/m/054ky1,1,1,1
/m/02s_qz,1,1,1
/m/0166c7,0,0,1
/m/02x8s9,3,3,1
/m/0h3xztt,5,5,1
/m/0bkg4,5,5,1
/m/03hkch7,0,0,1
/m/02_xgp2,1,5,0
/m/03vtbc,3,3,1
/m/03f1zdw,5,2,0
/m/02knnd,0,0,1
/m/0chgr2,1,1,1
/m/01g03q,3,6,0
/m/0kq2g,1,1,1
/m/07yr3,3,3,1
/m/07dnx,1,7,0
/m/06_sc3,7,7,1
/m/01bl7g,5,5,1
/m/026hh0m,1,1,1
/m/01xv77,0,5,0
/m/0bc1yhb,3,3,1
/m/0131kb,5,1,0
/m/01jrbv,1,1,1
/m/0l14_3,0,0,1
/m/027b9ly,3,3,1
/m/0jt3tjf,0,0,1
/m/04258w,3,3,1
/m/05ys0ws,0,0,1
/m/03s9v,0,0,1
/m/03hp2y1,0,0,1
/m/0dm5l,3,3,1
/m/0168t,3,3,1
/m/02lk1s,0,0,1
/m/07y_7,7,7,1
/m/028rk,0,0,1
/m/0f60c,2,2,1
/m/04f0xq,5,5,1
/m/05fx6,3,3,1
/m/033x5p,1,5,0
/m/02z5x7l,3,5,0
/m/026mff,3,3,1
/m/01z9j2,3,3,1
/m/0183z2,0,0,1
/m/0_z91,7,7,1
/m/01mszz,2,2,1
/m/06hf0n,1,1,1
/m/0h095,2,4,0
/m/0dlhg,0,0,1
/m/02qydsh,0,0,1
/m/02wm6l,1,1,1
/m/03d9wk,0,0,1
/m/0d8c4,0,7,0
/m/05c74,0,0,1
/m/038csl,5,6,0
/m/029m83,3,3,1
/m/065d1h,3,3,1
/m/015z4j,3,3,1
/m/05f4vxd,1,1,1
/m/06hdk,2,2,1
/m/0ym17,3,3,1
/m/0dtw1x,0,0,1
/m/0rnmy,5,5,1
/m/026k4d,5,3,0
/m/04y9dk,3,3,1
/m/023p29,4,4,1
/m/040_t,5,7,0
/m/0crlz,0,0,1
/m/041738,3,3,1
/m/0b_6lb,1,1,1
/m/0k2m6,7,7,1
/m/06182p,2,2,1
/m/04205z,3,3,1
/m/03vv61,5,6,0
/m/0284h6,5,6,0
/m/0dr_9t7,0,0,1
/m/0v53x,5,3,0
/m/0zq7r,2,2,1
/m/0146mv,0,0,1
/m/04gmp_z,0,0,1
/m/02bv9,3,3,1
/m/03xpf_7,2,2,1
/m/0jnpc,2,2,1
/m/08xwck,5,1,0
/m/0c0ygc,0,0,1
/m/01d2v1,0,5,0
/m/0h5j77,2,2,1
/m/0mw93,0,0,1
/m/0gr4k,0,0,1
/m/04v8x9,2,2,1
/m/079dy,0,0,1
/m/03cvvlg,4,4,1
/m/013gxt,2,2,1
/m/058s57,2,2,1
/m/02y_lrp,0,0,1
/m/0dlwj,0,0,1
/m/01qy7b,1,1,1
/m/0fb7sd,0,0,1
/m/04zx3q1,7,7,1
/m/016hvl,1,1,1
/m/0ck9l7,0,0,1
/m/0jnkr,0,0,1
/m/02x02kb,1,7,0
/m/01h0kx,6,6,1
/m/040rjq,0,0,1
/m/030znt,1,1,1
/m/02j416,5,5,1
/m/07w8f,5,6,0
/m/02hmw9,0,0,1
/m/047csmy,0,0,1
/m/09b5t,1,1,1
/m/050tt8,0,0,1
/m/02qgqt,0,0,1
/m/0c_zj,3,3,1
/m/04vmp,1,4,0
/m/01j28z,0,0,1
/m/01ddbl,0,0,1
/m/0xddr,0,6,0
/m/014kj2,2,2,1
/m/01jv68,0,0,1
/m/0l14j_,3,3,1
/m/09xwz,1,1,1
/m/01hbfz,0,0,1
/m/047g6m,5,5,1
/m/07wtc,0,0,1
/m/018w8,5,6,0
/m/0r3tq,3,3,1
/m/0mndw,3,5,0
/m/0cwfgz,2,2,1
/m/0121c1,3,3,1
/m/02237m,0,0,1
/m/02lj6p,7,7,1
/m/034r25,1,1,1
/m/0zdfp,5,5,1
/m/0ft5vs,3,3,1
/m/03t28q,2,2,1
/m/0fhxv,7,7,1
/m/0366c,0,0,1
/m/09rfh9,1,1,1
/m/0bczgm,3,3,1
/m/0fc9js,2,2,1
/m/06ppq,5,6,0
/m/05xq9,1,1,1
/m/026ny,0,0,1
/m/0j__m,0,0,1
/m/02p0s5r,1,1,1
/m/01kckd,5,3,0
/m/044kwr,1,1,1
/m/06frc,5,4,0
/m/03cx282,0,0,1
/m/013qvn,5,5,1
/m/02__94,1,1,1
/m/047q2wc,0,0,1
/m/09_94,0,0,1
/m/018kcp,5,6,0
/m/03y82t6,1,1,1
/m/06m_5,2,2,1
/m/07t2k,2,2,1
/m/071cn,5,5,1
/m/0z53k,2,2,1
/m/07fpm3,5,4,0
/m/027mdh,3,3,1
/m/0ddfwj1,0,0,1
/m/01m42d0,3,3,1
/m/01clyb,3,6,0
/m/01gt99,0,0,1
/m/0gqm3,3,3,1
/m/036v_,5,1,0
/m/01hdht,0,0,1
/m/04mrfv,5,5,1
/m/061y4q,3,3,1
/m/01sp81,1,1,1
/m/0b78hw,5,5,1
/m/040_9s0,4,4,1
/m/014pg1,1,1,1
/m/0jgwf,3,3,1
/m/01mvjl0,3,3,1
/m/015dnt,0,0,1
/m/01mgsn,1,1,1
/m/01mc11,0,6,0
/m/02qdgx,6,6,1
/m/01vs4ff,7,4,0
/m/06dfg,0,0,1
/m/076xkdz,3,0,0
/m/0jm64,5,6,0
/m/05n6sq,5,5,1
/m/02bj22,1,1,1
/m/0gqwc,3,3,1
/m/01trhmt,3,3,1
/m/02rsl1,0,0,1
/m/01cwm1,2,2,1
/m/01vvyc_,0,0,1
/m/01k5zk,7,2,0
/m/0qlnr,5,1,0
/m/02qwdhq,3,3,1
/m/043sct5,2,2,1
/m/016017,0,0,1
/m/02jqjm,3,3,1
/m/0l4vc,0,1,0
/m/013tcv,3,3,1
/m/0p88j,0,0,1
/m/0c9t0y,2,2,1
/m/060wq,5,1,0
/m/071vr,2,2,1
/m/02wr2r,3,0,0
/m/02n9bh,2,2,1
/m/0_816,5,5,1
/m/04snp2,5,5,1
/m/03tn9w,5,3,0
/m/017575,2,2,1
/m/0bt3j9,2,2,1
/m/0gy9d4,0,0,1
/m/06kknt,0,0,1
/m/027ydt,1,1,1
/m/07d2d,1,1,1
/m/09xb4h,5,6,0
/m/0181dw,2,2,1
/m/0h953,2,2,1
/m/03ll3,0,0,1
/m/01vlj1g,5,5,1
/m/0bs8s1p,0,0,1
/m/07kh6f3,5,5,1
/m/018yv3,5,5,1
/m/025ndl,0,0,1
/m/0p_2r,0,7,0
/m/0852z,3,3,1
/m/0q04f,5,5,1
/m/03t5n3,4,4,1
/m/02__7n,0,0,1
/m/08vr94,1,1,1
/m/01_bkd,1,1,1
/m/03g62,3,3,1
/m/0mdxd,3,3,1
/m/0hkwr,1,1,1
/m/0bq6ntw,1,1,1
/m/0fm3b5,1,1,1
/m/03kvj3,0,0,1
/m/02630g,0,0,1
/m/0mtdx,0,0,1
/m/01vg0s,1,1,1
/m/01gbcf,0,0,1
/m/0dlglj,0,0,1
/m/0d05fv,1,1,1
/m/01c1px,1,1,1
/m/03d8jd1,3,6,0
/m/09gwd,3,3,1
/m/01_1hw,3,1,0
/m/02yv_b,2,2,1
/m/01h6pn,0,0,1
/m/0k9p4,3,3,1
/m/01933d,0,0,1
/m/07l8x,2,2,1
/m/02gkxp,0,0,1
/m/0cf2h,0,0,1
/m/03jldb,0,0,1
/m/05563d,2,2,1
/m/02_n7,4,4,1
/m/01vtj38,0,0,1
/m/022_q8,0,0,1
/m/01jfnvd,5,5,1
/m/01g3gq,7,7,1
/m/0133jj,2,2,1
/m/0crs0b8,2,2,1
/m/0n6dc,1,3,0
/m/042xh,0,5,0
/m/01w5n51,5,5,1
/m/016sp_,5,5,1
/m/07j9n,0,0,1
/m/04z288,5,5,1
/m/0l_q9,3,3,1
/m/0m__z,2,2,1
/m/01vttb9,3,3,1
/m/05zrvfd,0,0,1
/m/0m2b5,1,1,1
/m/0456xp,0,0,1
/m/0jkvj,0,0,1
/m/082gq,3,6,0
/m/03rbj2,5,4,0
/m/0j298t8,0,0,1
/m/01z22v,2,2,1
/m/0r1yc,0,0,1
/m/038b_x,2,2,1
/m/0mz2,2,2,1
/m/020ddc,5,5,1
/m/03n0pv,0,0,1
/m/01v_0b,1,1,1
/m/0jqj5,0,0,1
/m/01fx2g,0,0,1
/m/0dr3sl,7,7,1
/m/03v9w,3,3,1
/m/0klh7,2,2,1
/m/06zn2v2,7,7,1
/m/03fghg,2,2,1
/m/0m_cg,2,2,1
/m/01352_,5,5,1
/m/0c4hx0,0,0,1
/m/0p8jf,2,2,1
/m/01j95,2,2,1
/m/0b66qd,3,3,1
/m/0cq8nx,0,0,1
/m/01z27,3,3,1
/m/0bdgp,0,0,1
/m/06w2yp9,1,1,1
/m/021yw7,1,5,0
/m/0cgwt8,1,1,1
/m/017l96,0,5,0
/m/0g8_vp,2,2,1
/m/0478__m,1,1,1
/m/013g3,2,2,1
/m/0fw9n7,0,0,1
/m/04p3c,3,3,1
/m/01j2_7,3,6,0
/m/01whw6,0,0,1
/m/0n5j7,0,5,0
/m/0fc2c,3,3,1
/m/01vrz41,3,3,1
/m/0gtv7pk,6,6,1
/m/08w6v_,0,0,1
/m/049rd,0,0,1
/m/0fn5bx,5,1,0
/m/0fq9zdv,0,0,1
/m/0c3xw46,1,1,1
/m/02f6ym,1,1,1
/m/0m31m,1,1,1
/m/0fgg4,0,0,1
/m/04j1n8,4,4,1
/m/027rwmr,3,3,1
/m/0fhzy,0,5,0
/m/0c_xl,4,4,1
/m/026ssfj,1,1,1
/m/024n3z,1,1,1
/m/031zkw,0,0,1
/m/0djbw,3,3,1
/m/016tw3,3,6,0
/m/04m_kpx,0,0,1
/m/0584j4n,3,6,0
/m/03hltjb,0,0,1
/m/040t74,5,5,1
/m/03ncb2,0,0,1
/m/0gr69,0,0,1
/m/01fbr2,7,7,1
/m/03m9c8,5,5,1
/m/013q07,5,3,0
/m/0sxgh,0,0,1
/m/0bm7fy,0,6,0
/m/01wj17,2,2,1
/m/09r9dp,0,0,1
/m/0694j,5,5,1
/m/05j0w,0,0,1
/m/0lz8d,6,1,0
/m/02hcv8,0,0,1
/m/090gk3,5,5,1
/m/07l50vn,3,3,1
/m/0rrwt,0,0,1
/m/02plp2,3,3,1
/m/04swd,5,5,1
/m/0dlqv,1,1,1
/m/0bwfn,0,0,1
/m/02_t2t,7,7,1
/m/0133k0,3,3,1
/m/01xcfy,3,3,1
/m/04yywz,1,1,1
/m/09ykwk,5,3,0
/m/02lfns,1,1,1
/m/02b0_6,3,3,1
/m/0n08r,2,0,0
/m/01j7pt,5,2,0
/m/01nglk,0,0,1
/m/01jq0j,6,0,0
/m/0yp21,0,7,0
/m/0drs7,3,6,0
/m/04zkj5,0,0,1
/m/01vvybv,3,3,1
/m/018swb,7,7,1
/m/02vjp3,3,3,1
/m/02x9cv,7,7,1
/m/0b13g7,0,0,1
/m/0ftf0f,4,4,1
/m/03pbf,5,5,1
/m/03cdg,1,1,1
/m/07xvf,2,2,1
/m/05strv,0,0,1
/m/0ptdz,3,5,0
/m/06sn8m,2,2,1
/m/01xn5th,5,5,1
/m/02c7tb,0,0,1
/m/09kqc,1,1,1
/m/01flzb,2,2,1
/m/06__m6,0,0,1
/m/013b6_,0,5,0
/m/07tnp,5,6,0
/m/01s695,0,0,1
/m/0klw,5,5,1
/m/04qy5,4,4,1
/m/0c4hgj,3,3,1
/m/0h1cdwq,0,0,1
/m/0gzlb9,5,2,0
/m/0yc7f,2,2,1
/m/0glnm,2,2,1
/m/0gcf2r,2,2,1
/m/0n2m7,0,0,1
/m/0159h6,0,0,1
/m/04hqbbz,0,0,1
/m/05g7q,2,2,1
/m/0l2q3,0,6,0
/m/0bsnm,0,0,1
/m/0hm10,0,0,1
/m/0y_pg,2,2,1
/m/0c0cs,2,2,1
/m/0gvt8sz,2,2,1
/m/01kwh5j,0,0,1
/m/02b5_l,1,1,1
/m/0hmt3,1,1,1
/m/0187nd,0,5,0
/m/0zrlp,6,7,0
/m/026y05,2,2,1
/m/0277j40,3,3,1
/m/0bxc4,0,0,1
/m/023v4_,0,0,1
/m/044qx,3,3,1
/m/06l9n8,0,0,1
/m/0bj8m2,1,1,1
/m/06f0dc,0,0,1
/m/0lfyx,0,0,1
/m/05g76,0,0,1
/m/06hsk,0,0,1
/m/01svw8n,0,0,1
/m/01k9cc,2,2,1
/m/03jn4,1,1,1
/m/0147gr,5,5,1
/m/02w70,2,2,1
/m/0qcr0,0,0,1
/m/02r34n,1,1,1
/m/01gqg3,0,1,0
/m/0g78xc,0,0,1
/m/01c9d,5,5,1
/m/09hljw,3,6,0
/m/0b_756,1,1,1
/m/01p5yn,2,2,1
/m/0f03_,5,1,0
/m/0fnx1,2,4,0
/m/0d9fz,4,4,1
/m/07th_,1,1,1
/m/012wgb,3,3,1
/m/027r0_f,5,6,0
/m/08cl7s,1,1,1
/m/09nz_c,0,0,1
/m/0150jk,0,0,1
/m/014gjp,5,5,1
/m/0f87jy,1,1,1
/m/0473q,2,5,0
/m/02gnlz,3,3,1
/m/0350l7,1,2,0
/m/02v5_g,0,0,1
/m/067ghz,5,5,1
/m/01qszl,1,1,1
/m/0bxsk,2,2,1
/m/01gh6z,3,3,1
/m/07y_p6,2,2,1
/m/0837ql,1,1,1
/m/09vw2b7,2,2,1
/m/05vz3zq,2,2,1
/m/061dn_,0,0,1
/m/033g4d,0,0,1
/m/0sxg4,3,3,1
/m/04x4r,5,1,0
/m/021bk,2,2,1
/m/01l53f,7,7,1
/m/01nc3rh,3,3,1
/m/02897w,0,0,1
/m/070yc,2,2,1
/m/02chhq,0,0,1
/m/08bqy9,3,3,1
/m/0ljl8,1,1,1
/m/02hp70,1,1,1
/m/03y2kr,0,6,0
/m/03tdlh,2,2,1
/m/07ypt,0,2,0
/m/02x17s4,7,7,1
/m/05xf75,0,0,1
/m/01vfqh,0,0,1
/m/01mylz,5,5,1
/m/088gzp,3,3,1
/m/013nv_,5,5,1
/m/0mwjk,0,0,1
/m/02m4d,5,1,0
/m/01q0l,0,0,1
/m/01gl9g,1,1,1
/m/03rz2b,0,0,1
/m/05j12n,0,0,1
/m/02zyy4,0,7,0
/m/029b9k,3,3,1
/m/0bxs_d,0,0,1
/m/0bj9k,2,2,1
/m/04v7k2,0,0,1
/m/07w42,1,1,1
/m/03hxsv,1,1,1
/m/02f2jv,0,0,1
/m/0c4y8,2,2,1
/m/02dwn9,3,3,1
/m/0194_r,3,3,1
/m/027b43,1,1,1
/m/0nlqq,0,0,1
/m/0dl9_4,5,7,0
/m/01jv1z,1,1,1
/m/03mg3l,0,0,1
/m/083q7,3,3,1
/m/02jgm0,0,0,1
/m/02zdwq,0,0,1
/m/0flddp,2,2,1
/m/0cd25,5,6,0
/m/097df,3,3,1
/m/02ndf1,3,3,1
/m/04n65n,5,5,1
/m/025tn92,0,0,1
/m/0v0d9,0,0,1
/m/01xn57g,0,0,1
/m/029ghl,4,4,1
/m/0bs5vty,0,0,1
/m/0g72r,1,1,1
/m/059ts,5,5,1
/m/028bs1p,3,6,0
/m/01ngxm,3,3,1
/m/0621cs,1,1,1
/m/02_n3z,0,0,1
/m/07s5fz,5,6,0
/m/0738y5,0,0,1
/m/01npcy7,1,5,0
/m/026pz9s,0,7,0
/m/03mz5b,5,1,0
/m/02hcxm,3,3,1
/m/05zwrg0,1,1,1
/m/01l_vgt,1,1,1
/m/06jz0,0,0,1
/m/060v34,0,0,1
/m/0jtg0,5,6,0
/m/0f721s,7,7,1
/m/02f93t,0,0,1
/m/017yxq,2,2,1
/m/01d38g,2,2,1
/m/04vq33,2,2,1
/m/05tfm,5,6,0
/m/0198b6,1,1,1
/m/02fn5r,1,1,1
/m/0dqytn,7,7,1
/m/01vxxb,0,0,1
/m/0nh1v,5,0,0
/m/0166v,5,3,0
/m/0d99m,2,2,1
/m/02nfhx,4,4,1
/m/01k8vh,1,1,1
/m/0czmk1,2,2,1
/m/03kts,1,1,1
/m/03nqbvz,2,2,1
/m/036hnm,5,5,1
/m/01rxw,2,2,1
/m/0fsb8,3,3,1
/m/04y5j64,2,2,1
/m/023p18,5,5,1
/m/025s7x6,1,1,1
/m/0cl8c,2,2,1
/m/0121sr,2,2,1
/m/0jnpv,2,2,1
/m/02rc4d,1,1,1
/m/085j0,3,3,1
/m/05dxl5,5,6,0
/m/02q7yfq,2,2,1
